{
    "detailImageLeftData": {
        "type": "object",
        "objectId": "detailImageLeftSample",
        "backgroundImage": {
            "contentDescription": null,
            "smallSourceUrl": null,
            "largeSourceUrl": null,
            "sources": [
                {
                    "url": "https://d2o906d8ln7ui1.cloudfront.net/images/templates_v2/bg_pizza_1.jpg",
                    "size": "small",
                    "widthPixels": 0,
                    "heightPixels": 0
                },
                {
                    "url": "https://d2o906d8ln7ui1.cloudfront.net/images/templates_v2/bg_pizza_1.jpg",
                    "size": "large",
                    "widthPixels": 0,
                    "heightPixels": 0
                }
            ]
        },
        "title": "Agendamento realizado",
        "image": {
            "contentDescription": "Massagista Joao Carlos",
            "smallSourceUrl": null,
            "largeSourceUrl": null,
            "sources": [
                {
                    "url": "https://bp.imguol.com/2014/03/21/joao-kleber-no-bate-papo-uol-1395440143911_615x470.jpg",
                    "size": "small",
                    "widthPixels": 0,
                    "heightPixels": 0
                },
                {
                    "url": "https://bp.imguol.com/2014/03/21/joao-kleber-no-bate-papo-uol-1395440143911_615x470.jpg",
                    "size": "large",
                    "widthPixels": 0,
                    "heightPixels": 0
                }
            ]
        },
        "textContent": {
            "primaryText": {
                "type": "PlainText",
                "text": "Agendamento realizado"
            },
            "secondaryText": {
                "type": "PlainText",
                "text": "Duracao 50 mins."
            }
        },
        "ingredients": [
            {
                "ingredientsContentText": "",
                "ingredientsPrimaryAction": {
                    "type": "SendEvent",
                    "arguments": [
                        "ListItemSelected",
                        "${ordinal}"
                    ]
                }
            },
            {
                "ingredientsContentText": "Chegar com 15 minutos de antecedencia",
                "ingredientsPrimaryAction": {
                    "type": "SendEvent",
                    "arguments": [
                        "ListItemSelected",
                        "${ordinal}"
                    ]
                }
            },
            {
                "ingredientsContentText": "O pagamento e realizado antes do inicio da sessao",
                "ingredientsPrimaryAction": {
                    "type": "SendEvent",
                    "arguments": [
                        "ListItemSelected",
                        "${ordinal}"
                    ]
                }
            },
            {
                "ingredientsContentText": "Cancelamentos sao aceitos com 24 horas de antecedencia",
                "ingredientsPrimaryAction": {
                    "type": "SendEvent",
                    "arguments": [
                        "ListItemSelected",
                        "${ordinal}"
                    ]
                }
            }
        ],
        "buttons": [
            {
                "text": "Alterar",
                "action": [
                    {
                        "type": "SendEvent",
                        "arguments": [
                            "Save ${payload.detailImageLeftData.textContent.primaryText.text}"
                        ]
                    },
                    {
                        "type": "SetValue",
                        "componentId": "cheeseDetail",
                        "property": "ingredientsText",
                        "value": "${payload.detailImageLeftData.textContent.primaryText.text} saved!"
                    }
                ]
            },
            {
                "text": "Cancelar",
                "action": [
                    {
                        "type": "SendEvent",
                        "arguments": [
                            "Add ${payload.detailImageLeftData.textContent.primaryText.text}"
                        ]
                    },
                    {
                        "type": "SetValue",
                        "componentId": "cheeseDetail",
                        "property": "ingredientsText",
                        "value": "${payload.detailImageLeftData.textContent.primaryText.text} added!"
                    }
                ]
            }
        ],
        "logoUrl": "https://d2o906d8ln7ui1.cloudfront.net/images/templates_v2/icon_pizza.png"
    }
}