{
    "longTextTemplateData": {
        "type": "object",
        "objectId": "longTextSample",
        "properties": {
            "backgroundImage": {
                "contentDescription": null,
                "smallSourceUrl": null,
                "largeSourceUrl": null,
                "sources": [
                    {
                        "url": "https://d2o906d8ln7ui1.cloudfront.net/images/templates_v2/bg_cheese_2.jpg",
                        "size": "small",
                        "widthPixels": 0,
                        "heightPixels": 0
                    },
                    {
                        "url": "https://d2o906d8ln7ui1.cloudfront.net/images/templates_v2/bg_cheese_2.jpg",
                        "size": "large",
                        "widthPixels": 0,
                        "heightPixels": 0
                    }
                ]
            },
            "title": "Confirmacao de agendamento",
            "textContent": {
                "primaryText": {
                    "type": "PlainText",
                    "text": "Dia: 11/02/2021<br>Hora: 11 horas<br>Profissional: Joao Celio<br><br>Voce confirma ?"
                }
            },
            "logoUrl": "https://d2o906d8ln7ui1.cloudfront.net/images/templates_v2/icon_cheese.png"
        }
    }
}