{
  "type": "APL",
  "version": "1.5",
  "settings": {},
  "theme": "dark",
"import": [
  {
    "name": "alexa-layouts",
    "version": "1.2.0"
  }
],
  "graphics": {
  "gradientBackground": {
    "type": "AVG",
    "version": "1.2",
    "height": 100,
    "width": 100,
    "scaleTypeWidth": "stretch",
    "scaleTypeHeight": "stretch",
    "resources": {
      "gradients": {
        "grayGradient": {
          "inputRange": [
            0,
            1
          ],
          "colorRange": [
            "#2B3A4D",
            "#0B0F13"
          ],
          "type": "radial",
          "units": "boundingBox",
          "centerX": 1,
          "centerY": 0,
          "radius": 1.6
        }
      }
    },
    "items": [
      {
        "type": "path",
        "pathData": "M0,0 L${width},0 L${width},${height} L0,${height}",
        "fill": "@grayGradient",
        "fillTransform": "scale(0.5)"
      }
    ]
  }
},
"mainTemplate": {
  "theme": "dark",
  "parameters": [
    "itemList"
  ],
  
  "items": [
    {
      "type": "Container",
      "theme": "dark",
      "width": "100%",
      "height": "100%",
      
      "items": [
          {
          "type": "VectorGraphic",
          "source": "gradientBackground",
          "width": "100%",
          "height": "100%",
          "scale": "fill",
          "position": "absolute"
        },        
        {
          "type": "AlexaHeader",
          "headerBackButton": true,
          "theme": "dark",
          "headerBackButtonAccessibilityLabel": "back",
          "headerAttributionImage": "${itemList.logoUrl}",
          "headerTitle": "Massagistas",
                          "backgroundBlur": false,
              "backgroundColorOverlay": true
          
        },
        {
          "type": "Sequence",
          "backgroundBlur": false,            
          "backgroundColorOverlay": true,
          "width": "100%",
          "height": "80%",
          "data": "${itemList.items}",
          "items": [
            {
              "type": "Container",
              "when": "${data.itemType == 'subHeading'}",
              "paddingLeft": "${hideHorizontalMargin ? ((@viewportProfile != @tvLandscapeOverlay) ? 0 : '@listItemMarginLeft') : @listItemMarginLeft}",
              "paddingRight": "${hideHorizontalMargin ? ((@viewportProfile != @tvLandscapeOverlay) ? 0 : '@listItemMarginRight') : @listItemMarginLeft}",
              "items": [
                {
                  "type": "Text",
                  "text": "${data.primaryText}",
                  "style": "textStyleCallout",
                  "paddingTop": "@listItemPaddingBottomTouchForward",
                  "paddingBottom": "@listItemPaddingBottomTouchForward"
                },
                {
                  "type": "AlexaDivider"
                }
              ]
            },
            {
              "type": "AlexaTextListItem",
              "when": "${data.itemType == 'massagista'}",
              "primaryText": "${data.primaryText}",
              "secondaryText": "${data.secondaryText}",
              "secondaryTextPosition": "bottom",
              "touchForward": true,
              "imageThumbnailSource": "${data.imageSource}",
              "hideOrdinal": true,
              "hideDivider": "${data.itemBeforeSubHeading}"
            }
          ]
        }
      ]
    }
  ]
}
}