{
    "imageListData": {
        "type": "object",
        "objectId": "imageListSample",

        "title": "Bem vindo a Nutriclinic",
        "listItems": [
            {
                "primaryText": "Massagem",
                "secondaryText": "A partir R$60,00",
                "tertiaryText": "Diga Conhecer Massagem",
                "tertiaryTextPosition": "top",
                "imageAlignment": "left",
                "imageSource": "https://undercontrol.blob.core.windows.net/alexa/massage.png",
                "primaryAction": [
                    {
                        "type": "SetValue",
                        "componentId": "menuList",
                        "property": "headerTitle",
                        "value": "${payload.imageListData.listItems[2].primaryText} is selected"
                    }
                ]
            },
            {
                "primaryText": "Reiki",
                "secondaryText": "A partir R$80,00",
                "tertiaryText": "Diga Conhecer Reiki",
                "tertiaryTextPosition": "top",
                "imageAlignment": "left",
                "imageSource": "https://undercontrol.blob.core.windows.net/alexa/noun_REIKI_2677052.png",
                "primaryAction": [
                    {
                        "type": "SetValue",
                        "componentId": "cheeseList",
                        "property": "headerTitle",
                        "value": "${payload.imageListData.listItems[2].primaryText} is selected"
                    }
                ]
            },
            {
                "primaryText": "Acupuntura",
                "secondaryText": "A partir R$50,00",
                "tertiaryText": "Diga Conhecer Acumputura",
                "tertiaryTextPosition": "top",
                "imageAlignment": "left",
                "imageSource": "https://undercontrol.blob.core.windows.net/alexa/noun_acupuncture_2677049.png",
                "primaryAction": [
                    {
                        "type": "SetValue",
                        "componentId": "cheeseList",
                        "property": "headerTitle",
                        "value": "${payload.imageListData.listItems[2].primaryText} is selected"
                    }
                ]
            },
            {
                "primaryText": "Reiki",
                "secondaryText": "A partir R$60,00",
                "tertiaryText": "Diga Exibir detalhes Reiki",
                "tertiaryTextPosition": "top",
                "imageAlignment": "left",
                "imageSource": "https://undercontrol.blob.core.windows.net/alexa/noun_REIKI_2677052.png",
                "primaryAction": [
                    {
                        "type": "SetValue",
                        "componentId": "cheeseList",
                        "property": "headerTitle",
                        "value": "${payload.imageListData.listItems[2].primaryText} is selected"
                    }
                ]
            },
            {
                "primaryText": "Reiki",
                "secondaryText": "A partir R$60,00",
                "tertiaryText": "Diga Conhecer Reiki",
                "tertiaryTextPosition": "top",
                "imageAlignment": "left",
                "imageSource": "https://undercontrol.blob.core.windows.net/alexa/noun_REIKI_2677052.png",
                "primaryAction": [
                    {
                        "type": "SetValue",
                        "componentId": "cheeseList",
                        "property": "headerTitle",
                        "value": "${payload.imageListData.listItems[2].primaryText} is selected"
                    }
                ]
            }
        ],
        "logoUrl": "https://d2o906d8ln7ui1.cloudfront.net/images/templates_v2/icon_cheese.png",
        "hintText": "Try, \"Alexa, what is today's cheesy joke?\""
    }
}