{
  "type": "APL",
  "version": "1.4",
  "import": [
    {
      "name": "alexa-layouts",
      "version": "1.2.0"
    }
  ],
  "mainTemplate": {
    "parameters": [
      "itemList"
    ],
    "items": [
      {
        "type": "Container",
        "width": "100%",
        "height": "100%",
        "items": [
          {
            "type": "AlexaHeader",
            "headerBackButton": true,
            "headerBackButtonAccessibilityLabel": "back",
            "headerTitle": "Massagistas"
          },
          {
            "type": "Sequence",
            "width": "100%",
            "height": "80%",
            "data": "${itemList.items}",
            "items": [
              {
                "type": "Container",
                "when": "${data.itemType == 'subHeading'}",
                "paddingLeft": "${hideHorizontalMargin ? ((@viewportProfile != @tvLandscapeOverlay) ? 0 : '@listItemMarginLeft') : @listItemMarginLeft}",
                "paddingRight": "${hideHorizontalMargin ? ((@viewportProfile != @tvLandscapeOverlay) ? 0 : '@listItemMarginRight') : @listItemMarginLeft}",
                "items": [
                  {
                    "type": "Text",
                    "text": "${data.primaryText}",
                    "style": "textStyleCallout",
                    "paddingTop": "@listItemPaddingBottomTouchForward",
                    "paddingBottom": "@listItemPaddingBottomTouchForward"
                  },
                  {
                    "type": "AlexaDivider"
                  }
                ]
              },
              {
                "type": "AlexaTextListItem",
                "when": "${data.itemType == 'massagista'}",
                "primaryText": "${data.primaryText}",
                "secondaryText": "${data.secondaryText}",
                "secondaryTextPosition": "bottom",
                "touchForward": true,
                "imageThumbnailSource": "${data.imageSource}",
                "hideOrdinal": true,
                "hideDivider": "${data.itemBeforeSubHeading}"
              }
            ]
          }
        ]
      }
    ]
  }
}