{
  "type": "APL",
  "version": "1.3",
  "theme": "dark",
  "import": [
    {
      "name": "alexa-layouts",
      "version": "1.2.0"
    }
  ],
"graphics": {
"gradientBackground": {
  "type": "AVG",
  "version": "1.2",
  "height": 100,
  "width": 100,
  "scaleTypeWidth": "stretch",
  "scaleTypeHeight": "stretch",
  "resources": {
    "gradients": {
      "grayGradient": {
        "inputRange": [
          0,
          1
        ],
        "colorRange": [
          "#2B3A4D",
          "#0B0F13"
        ],
        "type": "radial",
        "units": "boundingBox",
        "centerX": 1,
        "centerY": 0,
        "radius": 1.6
      }
    }
  },
  "items": [
              {
        "type": "VectorGraphic",
        "source": "gradientBackground",
        "width": "100%",
        "height": "100%",
        "scale": "fill",
        "position": "absolute"
      }, 
    {
      "type": "path",
      "pathData": "M0,0 L${width},0 L${width},${height} L0,${height}",
      "fill": "@grayGradient",
      "fillTransform": "scale(0.5)"
    }
  ]
}
},
  "mainTemplate": {
    "parameters": [
      "alexaDetailData"
    ],
    "items": [
      {
        "type": "AlexaDetail",
        "detailType": "generic",
        "detailImageAlignment": "left",
        "headerTitle": "${alexaDetailData.title}",
        "headerAttributionImage": "${alexaDetailData.logoUrl}",
        "imageBlurredBackground": true,
        "imageAspectRatio": "square",
        "imageSource": "${alexaDetailData.detailImage}",
        "bodyText": "${alexaDetailData.textContent.primaryText}",
        "primaryText": "${alexaDetailData.title}",
        "secondaryText": "${alexaDetailData.textContent.Especialidades}",
        "tertiaryText": "Valor 60,00",
        "button1Text": "Agendamento",
        "button1PrimaryAction": [
          {
            "type": "SendEvent",
            "arguments": [
              "getFoodPairings",
              "${alexaDetailData.title}"
            ]
          }
        ],
        "button2Text": "Mais detalhes",
        "button2PrimaryAction": [
          {
            "type": "SendEvent",
            "arguments": [
              "getWinePairings",
              "${alexaDetailData.title}"
            ]
          }
        ]
      }
    ]
  }
}