{
    "type": "APL",
    "version": "1.3",
    "theme": "dark",
    "import": [
      {
        "name": "alexa-layouts",
        "version": "1.2.0"
      }
    ],
    "mainTemplate": {
      "parameters": [
        "alexaDetailData"
      ],
      "items": [
        {
          "type": "AlexaDetail",
          "backgroundImageSource": "${alexaDetailData.backgroundImage}",
          "detailType": "generic",
          "detailImageAlignment": "left",
          "headerTitle": "${alexaDetailData.title}",
          "headerAttributionImage": "${alexaDetailData.logoUrl}",
          "imageBlurredBackground": true,
          "imageAspectRatio": "square",
          "imageSource": "${alexaDetailData.detailImage}",
          "bodyText": "${alexaDetailData.textContent.primaryText}",
          "primaryText": "${alexaDetailData.title}",
          "secondaryText": "${alexaDetailData.textContent.Especialidades}",
          "tertiaryText": "Valor 60,00",
          "button1Text": "Agendamento",
          "button1PrimaryAction": [
            {
              "type": "SendEvent",
              "arguments": [
                "getFoodPairings",
                "${alexaDetailData.title}"
              ]
            }
          ],
          "button2Text": "Mais detalhes",
          "button2PrimaryAction": [
            {
              "type": "SendEvent",
              "arguments": [
                "getWinePairings",
                "${alexaDetailData.title}"
              ]
            }
          ]
        }
      ]
    }
  }