{
    "type": "APL",
    "version": "1.5",
    "import": [
      {
        "name": "alexa-layouts",
        "version": "1.2.0"
      }
    ],
    "commands": {
      "ShowSwipeProgress": {
        "commands": [
          {
            "type": "SetValue",
            "componentId": "myHeaderId",
            "property": "headerSubtitle",
            "value": "Swipe in progress: ${(event.position * event.source.width)}"
          }
        ]
      },
      "ShowSwipeFinished": {
        "commands": [
          {
            "type": "SetValue",
            "componentId": "myHeaderId",
            "property": "headerSubtitle",
            "value": "@resultText"
          }
        ]
      },
      "ShowSelectionFinished": {
        "commands": [
          {
            "type": "SetValue",
            "componentId": "myHeaderId",
            "property": "headerSubtitle",
            "value": "@selectText"
          }
        ]
      }
    },
    "resources": [
      {
        "strings": {
          "headerSubtitleText": "Diga \"Ver os dias novamente\" para ver outros dias",
          "resultText": "Done swiping!",
          "selectText": "You selected the item instead of swiping it."
        }
      },
      {
        "when": "${@viewportProfile == @tvLandscapeXLarge}",
        "strings": {
          "headerSubtitleText": "Use your remote to highlight an item and click a button.",
          "resultText": "Done selecting buttons!",
          "selectText": "You selected the entire item instead of a single option button."
        }
      }
    ],
    "mainTemplate": {
      "parameters": [
        "payload"
      ],
      "items": [
        {
          "type": "Container",
          "width": "100%",
          "items": [
            {
              "type": "AlexaHeader",
              "id": "myHeaderId",
              "headerTitle": "Seleciona o Horario desejado",
              "headerSubtitle": "@headerSubtitleText"
            },
            {
              "type": "AlexaSwipeToAction",
              "primaryText": "11:00 - 12:00",
              "secondaryText": "Chegar com 5 mins. antecedencia",
              "tertiaryText": "Alta procura",
              "touchForward": true,
              "button1Text": "Button 1",
              "button1Command": {
                "type": "ShowSwipeFinished"
              },
              "button2Text": "Button 2",
              "button2Command": {
                "type": "ShowSwipeFinished"
              },
              "onSwipeMove": {
                "type": "ShowSwipeProgress"
              },
              "onSwipeDone": {
                "type": "ShowSwipeFinished"
              },
              "primaryAction": {
                "type": "ShowSelectionFinished"
              }
            },
            {
              "type": "AlexaSwipeToAction",
              "primaryText": "12:00 - 13:00",
              "secondaryText": "Chegar com 5 mins. antecedencia",
              "actionIconForeground": "red",
              "touchForward": true,
              "button1Text": "Button 1",
              "button1Command": {
                "type": "ShowSwipeFinished"
              },
              "button2Text": "Button 2",
              "button2Command": {
                "type": "ShowSwipeFinished"
              },
              "onSwipeMove": {
                "type": "ShowSwipeProgress"
              },
              "onSwipeDone": {
                "type": "ShowSwipeFinished"
              },
              "primaryAction": {
                "type": "ShowSelectionFinished"
              }
            },
            {
              "type": "AlexaSwipeToAction",
              "primaryText": "14:00 - 15:00",
              "secondaryText": "Chegar com 5 mins. antecedencia",
              "actionIconForeground": "red",
              "actionIconBackground": "@colorSalmon800",
              "touchForward": true,
              "button1Text": "Button 1",
              "button1Command": {
                "type": "ShowSwipeFinished"
              },
              "button2Text": "Button 2",
              "button2Command": {
                "type": "ShowSwipeFinished"
              },
              "onSwipeMove": {
                "type": "ShowSwipeProgress"
              },
              "onSwipeDone": {
                "type": "ShowSwipeFinished"
              },
              "primaryAction": {
                "type": "ShowSelectionFinished"
              }
            },
            {
                "type": "AlexaSwipeToAction",
                "primaryText": "17:00 - 18:00",
                "secondaryText": "Chegar com 5 mins. antecedencia",
                "actionIconForeground": "red",
                "actionIconBackground": "@colorSalmon800",
                "touchForward": true,
                "button1Text": "Button 1",
                "button1Command": {
                  "type": "ShowSwipeFinished"
                },
                "button2Text": "Button 2",
                "button2Command": {
                  "type": "ShowSwipeFinished"
                },
                "onSwipeMove": {
                  "type": "ShowSwipeProgress"
                },
                "onSwipeDone": {
                  "type": "ShowSwipeFinished"
                },
                "primaryAction": {
                  "type": "ShowSelectionFinished"
                }
              }
          ]
        }
      ]
    }
  }